ex_name,approach,data_type,steepness,steepness_loss,lambda,training_size,train_rmse_mean,train_rmse_std,test_rmse_mean,test_rmse_std
lambda_value,Loss_Function,experiment,6.388,6.388,0.001,100.0,223.384,74.379,392.51,116.896
lambda_value,Loss_Function,experiment,6.388,6.388,0.001,100.0,252.403,71.973,417.936,121.4
lambda_value,Loss_Function,experiment,6.388,6.388,0.001,100.0,306.655,89.905,447.47,86.911
lambda_value,Loss_Function,experiment,6.388,6.388,0.001,100.0,268.507,88.425,453.559,100.466
lambda_value,Loss_Function,experiment,6.388,6.388,0.001,100.0,325.996,91.104,487.241,92.77
lambda_value,Loss_Function,experiment,6.388,6.388,0.01,100.0,223.477,74.268,392.559,117.375
lambda_value,Loss_Function,experiment,6.388,6.388,0.01,100.0,253.3,70.75,417.785,121.861
lambda_value,Loss_Function,experiment,6.388,6.388,0.01,100.0,306.334,89.685,447.217,86.858
lambda_value,Loss_Function,experiment,6.388,6.388,0.01,100.0,267.861,88.809,453.771,100.955
lambda_value,Loss_Function,experiment,6.388,6.388,0.01,100.0,327.778,89.407,488.956,92.931
lambda_value,Loss_Function,experiment,6.388,6.388,0.1,100.0,226.534,73.623,394.204,115.463
lambda_value,Loss_Function,experiment,6.388,6.388,0.1,100.0,260.864,59.926,427.02,122.69
lambda_value,Loss_Function,experiment,6.388,6.388,0.1,100.0,304.231,87.965,445.866,88.414
lambda_value,Loss_Function,experiment,6.388,6.388,0.1,100.0,269.558,84.63,459.695,104.818
lambda_value,Loss_Function,experiment,6.388,6.388,0.1,100.0,322.479,87.922,484.868,96.434
lambda_value,Loss_Function,experiment,6.388,6.388,1.0,100.0,237.913,59.234,415.091,115.465
lambda_value,Loss_Function,experiment,6.388,6.388,1.0,100.0,242.439,81.693,416.343,117.767
lambda_value,Loss_Function,experiment,6.388,6.388,1.0,100.0,248.192,79.031,440.129,94.523
lambda_value,Loss_Function,experiment,6.388,6.388,1.0,100.0,289.459,88.705,458.816,120.726
lambda_value,Loss_Function,experiment,6.388,6.388,1.0,100.0,330.615,81.557,497.182,124.696
lambda_value,Loss_Function,experiment,6.388,6.388,10.0,100.0,306.421,123.612,347.972,115.738
lambda_value,Loss_Function,experiment,6.388,6.388,10.0,100.0,298.254,127.8,360.559,82.833
lambda_value,Loss_Function,experiment,6.388,6.388,10.0,100.0,317.358,79.324,387.707,51.441
lambda_value,Loss_Function,experiment,6.388,6.388,10.0,100.0,299.933,104.316,441.855,28.541
lambda_value,Loss_Function,experiment,6.388,6.388,10.0,100.0,272.342,98.358,454.989,89.316
lambda_value,Loss_Function,experiment,6.388,6.388,100.0,100.0,309.796,146.134,336.242,140.499
lambda_value,Loss_Function,experiment,6.388,6.388,100.0,100.0,340.282,93.525,341.657,116.317
lambda_value,Loss_Function,experiment,6.388,6.388,100.0,100.0,342.775,102.192,342.787,137.732
lambda_value,Loss_Function,experiment,6.388,6.388,100.0,100.0,310.682,138.558,345.624,122.303
lambda_value,Loss_Function,experiment,6.388,6.388,100.0,100.0,319.743,124.442,349.972,111.044
lambda_value,Loss_Function,experiment,6.388,6.388,1000.0,100.0,313.435,154.439,329.52,157.059
lambda_value,Loss_Function,experiment,6.388,6.388,1000.0,100.0,328.805,126.042,331.104,152.479
lambda_value,Loss_Function,experiment,6.388,6.388,1000.0,100.0,321.164,154.343,341.429,152.889
lambda_value,Loss_Function,experiment,6.388,6.388,1000.0,100.0,329.809,120.92,353.024,116.661
lambda_value,Loss_Function,experiment,6.388,6.388,1000.0,100.0,330.104,116.508,360.345,105.69
lambda_value,Loss_Function,experiment,6.388,6.388,10000.0,100.0,319.407,155.665,332.131,167.217
lambda_value,Loss_Function,experiment,6.388,6.388,10000.0,100.0,344.763,125.377,334.559,171.881
lambda_value,Loss_Function,experiment,6.388,6.388,10000.0,100.0,324.529,123.141,346.165,120.65
lambda_value,Loss_Function,experiment,6.388,6.388,10000.0,100.0,316.919,128.234,347.037,114.534
lambda_value,Loss_Function,experiment,6.388,6.388,10000.0,100.0,347.217,120.498,379.75,111.53
lambda_value,Loss_Function,synthetic,10.0,10.0,0.001,20.0,314.388,107.281,290.522,83.765
lambda_value,Loss_Function,synthetic,10.0,10.0,0.001,20.0,307.227,121.58,306.8,118.856
lambda_value,Loss_Function,synthetic,10.0,10.0,0.001,20.0,310.918,132.344,316.678,122.633
lambda_value,Loss_Function,synthetic,10.0,10.0,0.001,20.0,327.111,123.137,371.327,136.269
lambda_value,Loss_Function,synthetic,10.0,10.0,0.001,20.0,357.108,135.116,445.495,197.726
lambda_value,Loss_Function,synthetic,10.0,10.0,0.01,20.0,314.278,106.81,290.907,83.504
lambda_value,Loss_Function,synthetic,10.0,10.0,0.01,20.0,308.33,121.456,307.357,118.921
lambda_value,Loss_Function,synthetic,10.0,10.0,0.01,20.0,309.658,132.613,315.652,122.585
lambda_value,Loss_Function,synthetic,10.0,10.0,0.01,20.0,326.31,123.154,370.613,136.314
lambda_value,Loss_Function,synthetic,10.0,10.0,0.01,20.0,358.782,134.665,445.611,191.997
lambda_value,Loss_Function,synthetic,10.0,10.0,0.1,20.0,306.997,106.989,283.655,84.191
lambda_value,Loss_Function,synthetic,10.0,10.0,0.1,20.0,302.811,137.381,311.184,126.73
lambda_value,Loss_Function,synthetic,10.0,10.0,0.1,20.0,319.799,128.222,320.808,123.475
lambda_value,Loss_Function,synthetic,10.0,10.0,0.1,20.0,315.973,117.933,358.734,133.75
lambda_value,Loss_Function,synthetic,10.0,10.0,0.1,20.0,339.678,125.155,417.235,179.533
lambda_value,Loss_Function,synthetic,10.0,10.0,1.0,20.0,220.052,98.692,224.411,100.621
lambda_value,Loss_Function,synthetic,10.0,10.0,1.0,20.0,261.056,111.238,230.896,90.499
lambda_value,Loss_Function,synthetic,10.0,10.0,1.0,20.0,247.548,94.764,244.894,95.169
lambda_value,Loss_Function,synthetic,10.0,10.0,1.0,20.0,252.237,108.521,290.276,123.76
lambda_value,Loss_Function,synthetic,10.0,10.0,1.0,20.0,281.652,102.768,343.13,142.768
lambda_value,Loss_Function,synthetic,10.0,10.0,10.0,20.0,164.953,71.624,167.409,79.022
lambda_value,Loss_Function,synthetic,10.0,10.0,10.0,20.0,221.597,94.838,185.667,84.026
lambda_value,Loss_Function,synthetic,10.0,10.0,10.0,20.0,174.175,77.945,195.786,90.299
lambda_value,Loss_Function,synthetic,10.0,10.0,10.0,20.0,258.087,115.554,234.228,102.095
lambda_value,Loss_Function,synthetic,10.0,10.0,10.0,20.0,226.834,98.084,278.396,117.654
lambda_value,Loss_Function,synthetic,10.0,10.0,100.0,20.0,217.858,119.554,212.402,111.907
lambda_value,Loss_Function,synthetic,10.0,10.0,100.0,20.0,217.489,101.102,256.768,133.111
lambda_value,Loss_Function,synthetic,10.0,10.0,100.0,20.0,288.121,146.197,275.133,131.727
lambda_value,Loss_Function,synthetic,10.0,10.0,100.0,20.0,295.843,129.493,304.966,130.223
lambda_value,Loss_Function,synthetic,10.0,10.0,100.0,20.0,348.21,127.491,306.039,126.463
lambda_value,Loss_Function,synthetic,10.0,10.0,1000.0,20.0,318.915,137.793,305.484,141.583
lambda_value,Loss_Function,synthetic,10.0,10.0,1000.0,20.0,293.01,129.671,307.767,131.92
lambda_value,Loss_Function,synthetic,10.0,10.0,1000.0,20.0,247.264,120.576,307.977,147.686
lambda_value,Loss_Function,synthetic,10.0,10.0,1000.0,20.0,367.841,118.419,328.102,131.683
lambda_value,Loss_Function,synthetic,10.0,10.0,1000.0,20.0,267.202,118.81,337.863,166.329
lambda_value,Loss_Function,synthetic,10.0,10.0,10000.0,20.0,272.318,134.125,278.095,133.974
lambda_value,Loss_Function,synthetic,10.0,10.0,10000.0,20.0,280.342,134.982,291.764,138.541
lambda_value,Loss_Function,synthetic,10.0,10.0,10000.0,20.0,349.739,152.25,312.142,142.91
lambda_value,Loss_Function,synthetic,10.0,10.0,10000.0,20.0,370.676,138.441,333.242,132.211
lambda_value,Loss_Function,synthetic,10.0,10.0,10000.0,20.0,280.958,127.803,348.754,163.426
steepness_value,Data_Baseline,synthetic,5.0,5.0,100.0,20.0,495.239,178.236,478.504,168.392
steepness_value,Data_Baseline,synthetic,5.0,5.0,100.0,20.0,379.567,195.119,486.692,165.446
steepness_value,Data_Baseline,synthetic,5.0,5.0,100.0,20.0,378.172,183.738,488.052,142.34
steepness_value,Data_Baseline,synthetic,5.0,5.0,100.0,20.0,387.43,153.509,497.216,170.171
steepness_value,Data_Baseline,synthetic,5.0,5.0,100.0,20.0,400.265,166.873,509.38,225.146
steepness_value,Data_Baseline,synthetic,10.0,10.0,100.0,20.0,314.823,107.55,292.13,84.027
steepness_value,Data_Baseline,synthetic,10.0,10.0,100.0,20.0,307.453,122.0,307.115,119.244
steepness_value,Data_Baseline,synthetic,10.0,10.0,100.0,20.0,312.291,133.497,318.774,123.481
steepness_value,Data_Baseline,synthetic,10.0,10.0,100.0,20.0,326.853,122.839,370.583,136.07
steepness_value,Data_Baseline,synthetic,10.0,10.0,100.0,20.0,354.978,120.937,424.272,172.519
steepness_value,Data_Baseline,synthetic,20.0,20.0,100.0,20.0,269.138,88.772,243.094,68.975
steepness_value,Data_Baseline,synthetic,20.0,20.0,100.0,20.0,264.49,86.976,271.392,89.638
steepness_value,Data_Baseline,synthetic,20.0,20.0,100.0,20.0,300.644,80.025,296.665,77.833
steepness_value,Data_Baseline,synthetic,20.0,20.0,100.0,20.0,297.049,97.483,340.674,120.342
steepness_value,Data_Baseline,synthetic,20.0,20.0,100.0,20.0,444.83,168.049,387.418,275.789
steepness_value,Data_Baseline,synthetic,40.0,40.0,100.0,20.0,257.837,83.45,230.803,66.016
steepness_value,Data_Baseline,synthetic,40.0,40.0,100.0,20.0,254.084,74.957,255.527,81.121
steepness_value,Data_Baseline,synthetic,40.0,40.0,100.0,20.0,286.785,89.063,295.701,91.441
steepness_value,Data_Baseline,synthetic,40.0,40.0,100.0,20.0,265.475,82.83,295.859,102.04
steepness_value,Data_Baseline,synthetic,40.0,40.0,100.0,20.0,299.857,85.663,355.643,135.409
steepness_value,Loss_Function,synthetic,5.0,5.0,100.0,20.0,450.059,207.516,414.232,195.887
steepness_value,Loss_Function,synthetic,5.0,5.0,100.0,20.0,425.459,183.175,414.863,188.174
steepness_value,Loss_Function,synthetic,5.0,5.0,100.0,20.0,518.524,181.37,446.944,189.222
steepness_value,Loss_Function,synthetic,5.0,5.0,100.0,20.0,436.144,190.806,448.819,196.643
steepness_value,Loss_Function,synthetic,5.0,5.0,100.0,20.0,372.583,162.633,460.408,200.401
steepness_value,Loss_Function,synthetic,10.0,10.0,100.0,20.0,214.908,113.961,214.936,113.524
steepness_value,Loss_Function,synthetic,10.0,10.0,100.0,20.0,346.163,125.268,254.462,124.722
steepness_value,Loss_Function,synthetic,10.0,10.0,100.0,20.0,217.489,101.102,256.768,133.111
steepness_value,Loss_Function,synthetic,10.0,10.0,100.0,20.0,283.683,140.299,259.596,121.203
steepness_value,Loss_Function,synthetic,10.0,10.0,100.0,20.0,289.178,123.41,285.776,128.286
steepness_value,Loss_Function,synthetic,20.0,20.0,100.0,20.0,143.551,64.505,124.163,58.008
steepness_value,Loss_Function,synthetic,20.0,20.0,100.0,20.0,113.06,54.153,146.75,79.294
steepness_value,Loss_Function,synthetic,20.0,20.0,100.0,20.0,192.073,72.06,152.856,97.019
steepness_value,Loss_Function,synthetic,20.0,20.0,100.0,20.0,165.118,72.04,179.447,97.097
steepness_value,Loss_Function,synthetic,20.0,20.0,100.0,20.0,172.678,81.501,182.552,87.428
steepness_value,Loss_Function,synthetic,40.0,40.0,100.0,20.0,143.453,81.868,124.197,64.126
steepness_value,Loss_Function,synthetic,40.0,40.0,100.0,20.0,126.946,45.197,135.709,54.834
steepness_value,Loss_Function,synthetic,40.0,40.0,100.0,20.0,147.82,98.757,168.024,98.345
steepness_value,Loss_Function,synthetic,40.0,40.0,100.0,20.0,159.893,52.831,179.014,64.938
steepness_value,Loss_Function,synthetic,40.0,40.0,100.0,20.0,169.845,127.896,193.415,188.273
training_size,Data_Baseline,experiment,6.388,6.388,100.0,16.7,258.797,0.0,419.514,57.464
training_size,Data_Baseline,experiment,6.388,6.388,100.0,16.7,380.637,0.0,480.624,23.981
training_size,Data_Baseline,experiment,6.388,6.388,100.0,16.7,385.227,0.0,492.645,9.236
training_size,Data_Baseline,experiment,6.388,6.388,100.0,16.7,307.098,0.0,530.454,154.85
training_size,Data_Baseline,experiment,6.388,6.388,100.0,16.7,179.171,0.0,694.984,168.077
training_size,Data_Baseline,experiment,6.388,6.388,100.0,33.3,351.619,26.887,496.915,141.454
training_size,Data_Baseline,experiment,6.388,6.388,100.0,33.3,350.281,4.717,503.095,9.379
training_size,Data_Baseline,experiment,6.388,6.388,100.0,33.3,282.464,100.128,526.393,110.251
training_size,Data_Baseline,experiment,6.388,6.388,100.0,33.3,262.986,117.397,569.496,43.043
training_size,Data_Baseline,experiment,6.388,6.388,100.0,33.3,355.407,139.347,660.712,3.036
training_size,Data_Baseline,experiment,6.388,6.388,100.0,50.0,325.587,59.755,385.601,31.368
training_size,Data_Baseline,experiment,6.388,6.388,100.0,50.0,314.987,107.911,482.531,101.896
training_size,Data_Baseline,experiment,6.388,6.388,100.0,50.0,292.795,118.021,566.531,36.588
training_size,Data_Baseline,experiment,6.388,6.388,100.0,50.0,306.869,106.821,575.782,42.715
training_size,Data_Baseline,experiment,6.388,6.388,100.0,50.0,390.073,128.052,633.149,15.36
training_size,Data_Baseline,experiment,6.388,6.388,100.0,66.7,267.76,71.379,428.71,119.277
training_size,Data_Baseline,experiment,6.388,6.388,100.0,66.7,250.667,87.878,434.445,119.78
training_size,Data_Baseline,experiment,6.388,6.388,100.0,66.7,315.645,97.54,481.074,101.093
training_size,Data_Baseline,experiment,6.388,6.388,100.0,66.7,288.407,115.791,531.988,49.402
training_size,Data_Baseline,experiment,6.388,6.388,100.0,66.7,317.637,72.567,546.358,39.724
training_size,Data_Baseline,experiment,6.388,6.388,100.0,83.3,279.965,77.952,429.222,117.418
training_size,Data_Baseline,experiment,6.388,6.388,100.0,83.3,287.595,68.333,445.98,98.302
training_size,Data_Baseline,experiment,6.388,6.388,100.0,83.3,309.339,81.129,457.437,66.352
training_size,Data_Baseline,experiment,6.388,6.388,100.0,83.3,309.317,91.97,481.816,94.274
training_size,Data_Baseline,experiment,6.388,6.388,100.0,83.3,294.586,78.288,487.326,135.947
training_size,Data_Baseline,experiment,6.388,6.388,100.0,100.0,223.175,74.406,392.518,117.594
training_size,Data_Baseline,experiment,6.388,6.388,100.0,100.0,253.037,71.538,418.066,121.508
training_size,Data_Baseline,experiment,6.388,6.388,100.0,100.0,306.006,89.8,446.746,86.885
training_size,Data_Baseline,experiment,6.388,6.388,100.0,100.0,269.471,87.448,453.976,100.991
training_size,Data_Baseline,experiment,6.388,6.388,100.0,100.0,328.857,89.421,490.275,92.666
training_size,Data_Baseline,synthetic,10.0,10.0,100.0,2.0,456.677,16.87,353.624,156.936
training_size,Data_Baseline,synthetic,10.0,10.0,100.0,2.0,361.987,51.445,444.272,142.694
training_size,Data_Baseline,synthetic,10.0,10.0,100.0,2.0,464.614,149.334,495.861,141.494
training_size,Data_Baseline,synthetic,10.0,10.0,100.0,2.0,371.188,18.496,521.135,246.134
training_size,Data_Baseline,synthetic,10.0,10.0,100.0,2.0,406.36,111.105,593.565,210.249
training_size,Data_Baseline,synthetic,10.0,10.0,100.0,20.0,314.823,107.55,292.13,84.027
training_size,Data_Baseline,synthetic,10.0,10.0,100.0,20.0,307.453,122.0,307.115,119.244
training_size,Data_Baseline,synthetic,10.0,10.0,100.0,20.0,312.291,133.497,318.774,123.481
training_size,Data_Baseline,synthetic,10.0,10.0,100.0,20.0,326.853,122.839,370.583,136.07
training_size,Data_Baseline,synthetic,10.0,10.0,100.0,20.0,354.978,120.937,424.272,172.519
training_size,Data_Baseline,synthetic,10.0,10.0,100.0,40.0,268.573,109.077,262.651,93.297
training_size,Data_Baseline,synthetic,10.0,10.0,100.0,40.0,292.896,107.266,291.575,121.757
training_size,Data_Baseline,synthetic,10.0,10.0,100.0,40.0,341.735,120.46,337.191,115.453
training_size,Data_Baseline,synthetic,10.0,10.0,100.0,40.0,387.509,148.757,381.638,148.332
training_size,Data_Baseline,synthetic,10.0,10.0,100.0,40.0,393.318,156.607,398.46,149.677
training_size,Data_Baseline,synthetic,10.0,10.0,100.0,60.0,267.513,112.693,253.535,92.14
training_size,Data_Baseline,synthetic,10.0,10.0,100.0,60.0,284.115,99.114,272.384,98.703
training_size,Data_Baseline,synthetic,10.0,10.0,100.0,60.0,340.205,130.152,332.954,118.25
training_size,Data_Baseline,synthetic,10.0,10.0,100.0,60.0,356.685,131.048,339.648,127.073
training_size,Data_Baseline,synthetic,10.0,10.0,100.0,60.0,349.482,134.52,358.434,131.739
training_size,Data_Baseline,synthetic,10.0,10.0,100.0,100.0,249.298,97.351,245.942,92.894
training_size,Data_Baseline,synthetic,10.0,10.0,100.0,100.0,259.382,93.528,252.576,88.37
training_size,Data_Baseline,synthetic,10.0,10.0,100.0,100.0,321.363,119.4,315.346,113.361
training_size,Data_Baseline,synthetic,10.0,10.0,100.0,100.0,338.32,128.095,327.729,124.309
training_size,Data_Baseline,synthetic,10.0,10.0,100.0,100.0,341.735,123.391,336.07,116.976
training_size,Loss_Function,experiment,6.388,6.388,100.0,16.7,128.29,0.0,336.67,144.403
training_size,Loss_Function,experiment,6.388,6.388,100.0,16.7,400.862,0.0,415.616,147.381
training_size,Loss_Function,experiment,6.388,6.388,100.0,16.7,648.871,0.0,426.613,7.544
training_size,Loss_Function,experiment,6.388,6.388,100.0,16.7,553.706,0.0,438.42,24.803
training_size,Loss_Function,experiment,6.388,6.388,100.0,16.7,325.927,0.0,439.966,151.072
training_size,Loss_Function,experiment,6.388,6.388,100.0,33.3,240.543,176.084,329.171,134.196
training_size,Loss_Function,experiment,6.388,6.388,100.0,33.3,414.127,9.547,329.552,146.26
training_size,Loss_Function,experiment,6.388,6.388,100.0,33.3,220.654,154.733,334.063,118.363
training_size,Loss_Function,experiment,6.388,6.388,100.0,33.3,240.135,157.128,354.768,99.38
training_size,Loss_Function,experiment,6.388,6.388,100.0,33.3,306.194,113.44,384.163,117.136
training_size,Loss_Function,experiment,6.388,6.388,100.0,50.0,287.579,152.698,328.123,135.968
training_size,Loss_Function,experiment,6.388,6.388,100.0,50.0,213.738,130.79,328.738,125.703
training_size,Loss_Function,experiment,6.388,6.388,100.0,50.0,318.861,125.615,331.212,132.119
training_size,Loss_Function,experiment,6.388,6.388,100.0,50.0,274.659,143.59,340.749,116.251
training_size,Loss_Function,experiment,6.388,6.388,100.0,50.0,225.793,143.377,353.799,111.044
training_size,Loss_Function,experiment,6.388,6.388,100.0,66.7,285.614,118.469,326.027,132.995
training_size,Loss_Function,experiment,6.388,6.388,100.0,66.7,258.019,151.299,328.226,128.07
training_size,Loss_Function,experiment,6.388,6.388,100.0,66.7,311.493,133.741,339.93,126.194
training_size,Loss_Function,experiment,6.388,6.388,100.0,66.7,319.756,137.002,347.185,124.168
training_size,Loss_Function,experiment,6.388,6.388,100.0,66.7,356.949,67.295,392.744,105.686
training_size,Loss_Function,experiment,6.388,6.388,100.0,83.3,309.535,119.615,328.422,128.589
training_size,Loss_Function,experiment,6.388,6.388,100.0,83.3,290.739,134.804,332.799,139.581
training_size,Loss_Function,experiment,6.388,6.388,100.0,83.3,330.053,128.246,336.299,133.652
training_size,Loss_Function,experiment,6.388,6.388,100.0,83.3,300.516,140.541,344.683,120.656
training_size,Loss_Function,experiment,6.388,6.388,100.0,83.3,291.247,123.113,348.483,107.633
training_size,Loss_Function,experiment,6.388,6.388,100.0,100.0,309.931,146.069,336.395,140.459
training_size,Loss_Function,experiment,6.388,6.388,100.0,100.0,340.282,93.525,341.657,116.317
training_size,Loss_Function,experiment,6.388,6.388,100.0,100.0,341.854,102.912,342.542,137.607
training_size,Loss_Function,experiment,6.388,6.388,100.0,100.0,310.345,138.642,345.015,122.613
training_size,Loss_Function,experiment,6.388,6.388,100.0,100.0,319.693,124.519,349.941,111.066
training_size,Loss_Function,synthetic,10.0,10.0,100.0,2.0,330.893,165.52,310.653,126.796
training_size,Loss_Function,synthetic,10.0,10.0,100.0,2.0,346.941,57.8,328.589,137.6
training_size,Loss_Function,synthetic,10.0,10.0,100.0,2.0,454.441,83.859,348.657,170.821
training_size,Loss_Function,synthetic,10.0,10.0,100.0,2.0,228.388,16.431,352.031,162.18
training_size,Loss_Function,synthetic,10.0,10.0,100.0,2.0,269.865,105.71,393.215,171.956
training_size,Loss_Function,synthetic,10.0,10.0,100.0,20.0,214.908,113.961,214.936,113.524
training_size,Loss_Function,synthetic,10.0,10.0,100.0,20.0,346.163,125.268,254.462,124.722
training_size,Loss_Function,synthetic,10.0,10.0,100.0,20.0,217.489,101.102,256.768,133.111
training_size,Loss_Function,synthetic,10.0,10.0,100.0,20.0,283.683,140.299,259.596,121.203
training_size,Loss_Function,synthetic,10.0,10.0,100.0,20.0,289.178,123.41,285.776,128.286
training_size,Loss_Function,synthetic,10.0,10.0,100.0,40.0,129.983,58.03,131.383,53.643
training_size,Loss_Function,synthetic,10.0,10.0,100.0,40.0,227.764,112.434,215.807,104.04
training_size,Loss_Function,synthetic,10.0,10.0,100.0,40.0,234.972,97.529,222.574,103.348
training_size,Loss_Function,synthetic,10.0,10.0,100.0,40.0,262.864,110.371,264.04,112.283
training_size,Loss_Function,synthetic,10.0,10.0,100.0,40.0,326.071,188.437,293.775,163.187
training_size,Loss_Function,synthetic,10.0,10.0,100.0,60.0,159.534,59.377,154.088,52.393
training_size,Loss_Function,synthetic,10.0,10.0,100.0,60.0,206.753,84.516,191.088,85.567
training_size,Loss_Function,synthetic,10.0,10.0,100.0,60.0,200.277,98.234,201.231,92.251
training_size,Loss_Function,synthetic,10.0,10.0,100.0,60.0,288.259,147.434,264.517,141.417
training_size,Loss_Function,synthetic,10.0,10.0,100.0,60.0,302.762,124.873,302.458,127.973
training_size,Loss_Function,synthetic,10.0,10.0,100.0,100.0,158.012,51.547,157.732,50.687
training_size,Loss_Function,synthetic,10.0,10.0,100.0,100.0,214.945,93.153,204.418,87.935
training_size,Loss_Function,synthetic,10.0,10.0,100.0,100.0,227.942,109.575,218.001,97.976
training_size,Loss_Function,synthetic,10.0,10.0,100.0,100.0,236.67,101.788,226.094,96.173
training_size,Loss_Function,synthetic,10.0,10.0,100.0,100.0,267.819,118.185,259.517,117.521
wrong_domain,Loss_Function,experiment,6.388,3.194,100.0,100.0,309.931,146.069,336.395,140.459
wrong_domain,Loss_Function,experiment,6.388,3.194,100.0,100.0,340.282,93.525,341.657,116.317
wrong_domain,Loss_Function,experiment,6.388,3.194,100.0,100.0,341.854,102.912,342.542,137.607
wrong_domain,Loss_Function,experiment,6.388,3.194,100.0,100.0,310.345,138.642,345.015,122.613
wrong_domain,Loss_Function,experiment,6.388,3.194,100.0,100.0,319.693,124.519,349.941,111.066
wrong_domain,Loss_Function,experiment,6.388,6.388,100.0,100.0,309.931,146.069,336.395,140.459
wrong_domain,Loss_Function,experiment,6.388,6.388,100.0,100.0,340.282,93.525,341.657,116.317
wrong_domain,Loss_Function,experiment,6.388,6.388,100.0,100.0,341.854,102.912,342.542,137.607
wrong_domain,Loss_Function,experiment,6.388,6.388,100.0,100.0,310.345,138.642,345.015,122.613
wrong_domain,Loss_Function,experiment,6.388,6.388,100.0,100.0,319.693,124.519,349.941,111.066
wrong_domain,Loss_Function,experiment,6.388,12.776,100.0,100.0,309.931,146.069,336.395,140.459
wrong_domain,Loss_Function,experiment,6.388,12.776,100.0,100.0,340.282,93.525,341.657,116.317
wrong_domain,Loss_Function,experiment,6.388,12.776,100.0,100.0,341.854,102.912,342.542,137.607
wrong_domain,Loss_Function,experiment,6.388,12.776,100.0,100.0,310.345,138.642,345.015,122.613
wrong_domain,Loss_Function,experiment,6.388,12.776,100.0,100.0,319.693,124.519,349.941,111.066
wrong_domain,Loss_Function,synthetic,5.0,5.0,100.0,20.0,450.059,207.516,414.232,195.887
wrong_domain,Loss_Function,synthetic,5.0,5.0,100.0,20.0,425.459,183.175,434.863,188.174
wrong_domain,Loss_Function,synthetic,5.0,5.0,100.0,20.0,518.524,181.37,446.944,189.222
wrong_domain,Loss_Function,synthetic,5.0,5.0,100.0,20.0,436.144,190.806,448.819,196.643
wrong_domain,Loss_Function,synthetic,5.0,5.0,100.0,20.0,372.583,162.633,460.408,200.401
wrong_domain,Loss_Function,synthetic,5.0,10.0,100.0,20.0,423.488,181.365,453.417,187.184
wrong_domain,Loss_Function,synthetic,5.0,10.0,100.0,20.0,444.188,205.986,459.792,193.585
wrong_domain,Loss_Function,synthetic,5.0,10.0,100.0,20.0,376.513,162.97,462.206,198.324
wrong_domain,Loss_Function,synthetic,5.0,10.0,100.0,20.0,518.062,180.943,466.857,189.473
wrong_domain,Loss_Function,synthetic,5.0,10.0,100.0,20.0,434.384,189.64,467.17,195.436
wrong_domain,Loss_Function,synthetic,5.0,20.0,100.0,20.0,422.33,180.852,452.426,186.333
wrong_domain,Loss_Function,synthetic,5.0,20.0,100.0,20.0,428.391,192.916,460.247,190.367
wrong_domain,Loss_Function,synthetic,5.0,20.0,100.0,20.0,517.193,181.471,466.012,189.093
wrong_domain,Loss_Function,synthetic,5.0,20.0,100.0,20.0,434.099,189.424,471.668,189.607
wrong_domain,Loss_Function,synthetic,5.0,20.0,100.0,20.0,369.953,165.122,474.938,198.9
wrong_domain,Loss_Function,synthetic,10.0,5.0,100.0,20.0,279.059,146.76,265.142,128.207
wrong_domain,Loss_Function,synthetic,10.0,5.0,100.0,20.0,268.711,124.111,276.142,132.03
wrong_domain,Loss_Function,synthetic,10.0,5.0,100.0,20.0,216.286,101.749,278.37,137.717
wrong_domain,Loss_Function,synthetic,10.0,5.0,100.0,20.0,277.874,128.978,283.387,130.417
wrong_domain,Loss_Function,synthetic,10.0,5.0,100.0,20.0,309.751,122.436,285.36,118.193
wrong_domain,Loss_Function,synthetic,10.0,10.0,100.0,20.0,214.908,113.961,214.936,113.524
wrong_domain,Loss_Function,synthetic,10.0,10.0,100.0,20.0,346.163,125.268,254.462,124.722
wrong_domain,Loss_Function,synthetic,10.0,10.0,100.0,20.0,217.489,101.102,256.768,133.111
wrong_domain,Loss_Function,synthetic,10.0,10.0,100.0,20.0,283.683,140.299,259.596,121.203
wrong_domain,Loss_Function,synthetic,10.0,10.0,100.0,20.0,289.178,123.41,285.776,128.286
wrong_domain,Loss_Function,synthetic,10.0,20.0,100.0,20.0,188.636,91.752,232.711,108.257
wrong_domain,Loss_Function,synthetic,10.0,20.0,100.0,20.0,221.274,97.496,268.842,130.37
wrong_domain,Loss_Function,synthetic,10.0,20.0,100.0,20.0,321.337,131.249,272.099,123.551
wrong_domain,Loss_Function,synthetic,10.0,20.0,100.0,20.0,264.165,111.47,277.447,128.846
wrong_domain,Loss_Function,synthetic,10.0,20.0,100.0,20.0,288.734,132.681,278.433,138.772
wrong_domain,Loss_Function,synthetic,20.0,5.0,100.0,20.0,149.169,61.261,149.849,68.308
wrong_domain,Loss_Function,synthetic,20.0,5.0,100.0,20.0,179.136,81.343,187.333,86.158
wrong_domain,Loss_Function,synthetic,20.0,5.0,100.0,20.0,178.735,69.88,198.561,95.566
wrong_domain,Loss_Function,synthetic,20.0,5.0,100.0,20.0,168.012,81.694,225.314,129.384
wrong_domain,Loss_Function,synthetic,20.0,5.0,100.0,20.0,270.299,106.816,239.964,97.622
wrong_domain,Loss_Function,synthetic,20.0,10.0,100.0,20.0,150.774,67.686,149.64,62.1
wrong_domain,Loss_Function,synthetic,20.0,10.0,100.0,20.0,154.397,63.804,159.119,75.023
wrong_domain,Loss_Function,synthetic,20.0,10.0,100.0,20.0,175.794,80.938,183.229,86.301
wrong_domain,Loss_Function,synthetic,20.0,10.0,100.0,20.0,150.126,67.444,194.415,101.194
wrong_domain,Loss_Function,synthetic,20.0,10.0,100.0,20.0,194.864,77.225,218.745,96.831
wrong_domain,Loss_Function,synthetic,20.0,20.0,100.0,20.0,143.551,64.505,124.163,58.008
wrong_domain,Loss_Function,synthetic,20.0,20.0,100.0,20.0,113.06,54.153,146.75,79.294
wrong_domain,Loss_Function,synthetic,20.0,20.0,100.0,20.0,192.073,72.06,152.856,97.019
wrong_domain,Loss_Function,synthetic,20.0,20.0,100.0,20.0,165.118,72.04,179.447,97.097
wrong_domain,Loss_Function,synthetic,20.0,20.0,100.0,20.0,172.678,81.501,182.552,87.428
